Panchayat_Code,Village_Code
1745001001,1745001001001
1745001001,1745001001002
1745001002,1745001002001
1745001002,1745001002002
1745001003,1745001003001
1745001003,1745001003002
1745001003,1745001003003
1745001003,1745001003004
1745001004,1745001004001
1745001005,1745001005001
1745001005,1745001005002
1745001005,1745001005003
1745001005,1745001005004
1745001006,1745001006001
1745001006,1745001006002
1745001007,1745001007001
1745001007,1745001007002
1745001007,1745001007003
1745001007,1745001007004
1745001008,1745001008001
1745001008,1745001008002
1745001008,1745001008003
1745001008,1745001008004
1745001009,1745001009001
1745001009,1745001009002
1745001009,1745001009003
1745001009,1745001009004
1745001010,1745001010001
1745001010,1745001010002
1745001010,1745001010003
1745001011,1745001011001
1745001011,1745001011002
1745001011,1745001011003
1745001012,1745001012001
1745001012,1745001012002
1745001012,1745001012003
1745001012,1745001012004
1745001012,1745001012005
1745001013,1745001013001
1745001013,1745001013002
1745001013,1745001013003
1745001014,1745001014001
1745001014,1745001014002
1745001014,1745001014003
1745001015,1745001015001
1745001015,1745001015002
1745001016,1745001016001
1745001016,1745001016002
1745001016,1745001016003
1745001016,1745001016004
1745001017,1745001017001
1745001017,1745001017002
1745001017,1745001017003
1745001018,1745001018001
1745001018,1745001018002
1745001019,1745001019001
1745001019,1745001019002
1745001020,1745001020001
1745001021,1745001021001
1745001022,1745001022001
1745001022,1745001022002
1745001023,1745001023001
1745001024,1745001024001
1745001024,1745001024002
1745001024,1745001024003
1745001025,1745001025001
1745001025,1745001025002
1745001025,1745001025003
1745001025,1745001025004
1745001026,1745001026001
1745001026,1745001026002
1745001026,1745001026003
1745001027,1745001027001
1745001027,1745001027002
1745001027,1745001027003
1745001028,1745001028001
1745001028,1745001028002
1745001028,1745001028003
1745001029,1745001029001
1745001029,1745001029002
1745001029,1745001029003
1745001030,1745001030001
1745001030,1745001030002
1745001030,1745001030003
1745001030,1745001030004
1745001031,1745001031001
1745001031,1745001031002
1745001031,1745001031003
1745001032,1745001032001
1745001032,1745001032002
1745001033,1745001033001
1745001033,1745001033002
1745001033,1745001033003
1745001034,1745001034001
1745001034,1745001034002
1745001035,1745001035001
1745001035,1745001035002
1745001036,1745001036001
1745001036,1745001036002
1745001036,1745001036003
1745001037,1745001037001
1745001037,1745001037002
1745001037,1745001037003
1745001038,1745001038001
1745001038,1745001038002
1745001039,1745001039001
1745001039,1745001039002
1745001039,1745001039003
1745001040,1745001040001
1745001040,1745001040002
1745001040,1745001040003
1745001040,1745001040004
1745001041,1745001041001
1745001041,1745001041002
1745001041,1745001041003
1745001041,1745001041004
1745001042,1745001042001
1745001042,1745001042002
1745001042,1745001042003
1745001043,1745001043001
1745001043,1745001043002
1745001043,1745001043003
1745001043,1745001043004
1745001043,1745001043005
1745001044,1745001044001
1745001044,1745001044002
1745001044,1745001044003
1745001045,1745001045001
1745001045,1745001045002
1745001045,1745001045003
1745001045,1745001045004
1745001045,1745001045005
1745001046,1745001046001
1745001046,1745001046002
1745001046,1745001046003
1745001046,1745001046004
1745001047,1745001047001
1745001047,1745001047002
1745001047,1745001047003
1745001048,1745001048001
1745001048,1745001048002
1745001049,1745001049001
1745001049,1745001049002
1745001050,1745001050001
1745001050,1745001050002
1745001050,1745001050003
1745001051,1745001051001
1745001051,1745001051002
1745001051,1745001051003
1745001051,1745001051004
1745001051,1745001051005
1745001051,1745001051006
1745001052,1745001052001
1745001052,1745001052002
1745001052,1745001052003
1745001053,1745001053001
1745001053,1745001053002
1745001053,1745001053003
1745001054,1745001054001
1745001054,1745001054002
1745001055,1745001055001
1745001055,1745001055002
1745001055,1745001055003
1745001055,1745001055004
1745001056,1745001056001
1745001057,1745001057001
1745001057,1745001057002
1745001058,1745001058001
1745001058,1745001058002
1745001058,1745001058003
1745001059,1745001059001
1745001059,1745001059002
1745001059,1745001059003
1745001060,1745001060001
1745001060,1745001060002
1745001060,1745001060003
1745001061,1745001061001
1745001061,1745001061002
1745001062,1745001062001
1745001062,1745001062002
1745001062,1745001062003
1745001063,1745001063001
1745001063,1745001063002
1745001063,1745001063003
1745001064,1745001064001
1745001064,1745001064002
1745001065,1745001065001
1745001065,1745001065002
1745001065,1745001065003
1745001065,1745001065004
1745001065,1745001065005
1745001066,1745001066001
1745001066,1745001066002
1745001066,1745001066003
1745001067,1745001067001
1745001067,1745001067002
1745001067,1745001067003
1745001067,1745001067004
1745001067,1745001067005
1745001067,1745001067006
1745001067,1745001067007
1745001068,1745001068001
1745001068,1745001068002
1745001069,1745001069001
1745002001,1745002001001
1745002001,1745002001002
1745002001,1745002001003
1745002002,1745002002001
1745002002,1745002002002
1745002003,1745002003001
1745002003,1745002003002
1745002004,1745002004001
1745002004,1745002004002
1745002004,1745002004003
1745002004,1745002004004
1745002004,1745002004005
1745002005,1745002005001
1745002005,1745002005002
1745002006,1745002006001
1745002006,1745002006002
1745002006,1745002006003
1745002006,1745002006004
1745002007,1745002007001
1745002007,1745002007002
1745002007,1745002007003
1745002008,1745002008001
1745002008,1745002008002
1745002008,1745002008003
1745002008,1745002008004
1745002009,1745002009001
1745002009,1745002009002
1745002009,1745002009003
1745002009,1745002009004
1745002009,1745002009005
1745002010,1745002010001
1745002010,1745002010002
1745002010,1745002010003
1745002011,1745002011001
1745002011,1745002011002
1745002011,1745002011003
1745002012,1745002012001
1745002012,1745002012002
1745002012,1745002012003
1745002013,1745002013001
1745002013,1745002013002
1745002013,1745002013003
1745002013,1745002013004
1745002014,1745002014001
1745002014,1745002014002
1745002014,1745002014003
1745002015,1745002015001
1745002015,1745002015002
1745002016,1745002016001
1745002016,1745002016002
1745002016,1745002016003
1745002017,1745002017001
1745002017,1745002017002
1745002017,1745002017003
1745002018,1745002018001
1745002018,1745002018002
1745002018,1745002018003
1745002018,1745002018004
1745002019,1745002019001
1745002019,1745002019002
1745002019,1745002019003
1745002019,1745002019004
1745002020,1745002020001
1745002020,1745002020002
1745002020,1745002020003
1745002021,1745002021001
1745002021,1745002021002
1745002021,1745002021003
1745002022,1745002022001
1745002022,1745002022002
1745002022,1745002022003
1745002023,1745002023001
1745002023,1745002023002
1745002023,1745002023003
1745002023,1745002023004
1745002024,1745002024001
1745002024,1745002024002
1745002025,1745002025001
1745002025,1745002025002
1745002026,1745002026001
1745002027,1745002027001
1745002027,1745002027002
1745002027,1745002027003
1745002028,1745002028001
1745002028,1745002028002
1745002028,1745002028003
1745002029,1745002029001
1745002029,1745002029002
1745002029,1745002029003
1745002029,1745002029004
1745002029,1745002029005
1745002029,1745002029006
1745002029,1745002029007
1745002030,1745002030001
1745002030,1745002030002
1745002031,1745002031001
1745002031,1745002031002
1745002031,1745002031003
1745002031,1745002031004
1745002032,1745002032001
1745002032,1745002032002
1745002033,1745002033001
1745002033,1745002033002
1745002033,1745002033003
1745002034,1745002034001
1745002034,1745002034002
1745002035,1745002035001
1745002035,1745002035002
1745002035,1745002035003
1745002035,1745002035004
1745002036,1745002036001
1745002036,1745002036002
1745002036,1745002036003
1745002036,1745002036004
1745002037,1745002037001
1745002037,1745002037002
1745002037,1745002037003
1745002037,1745002037004
1745002038,1745002038001
1745002038,1745002038002
1745002038,1745002038003
1745002038,1745002038004
1745002038,1745002038005
1745002039,1745002039001
1745002039,1745002039002
1745002039,1745002039003
1745002039,1745002039004
1745002040,1745002040001
1745002040,1745002040002
1745002041,1745002041001
1745002041,1745002041002
1745002042,1745002042001
1745002043,1745002043001
1745002043,1745002043002
1745002044,1745002044001
1745002044,1745002044002
1745002044,1745002044003
1745002045,1745002045001
1745002045,1745002045002
1745002045,1745002045003
1745002045,1745002045004
1745002046,1745002046001
1745002046,1745002046002
1745002047,1745002047001
1745002047,1745002047002
1745002047,1745002047003
1745002048,1745002048001
1745002048,1745002048002
1745002048,1745002048003
1745002049,1745002049001
1745002049,1745002049002
1745002050,1745002050001
1745002050,1745002050002
1745002050,1745002050003
1745002050,1745002050004
1745002051,1745002051001
1745002051,1745002051002
1745002051,1745002051003
1745002051,1745002051004
1745002051,1745002051005
1745002051,1745002051006
1745002052,1745002052001
1745002053,1745002053001
1745002053,1745002053002
1745002054,1745002054001
1745002054,1745002054002
1745002054,1745002054003
1745002055,1745002055001
1745002055,1745002055002
1745002055,1745002055003
1745002056,1745002056001
1745002056,1745002056002
1745002056,1745002056003
1745002056,1745002056004
1745002057,1745002057001
1745002057,1745002057002
1745002057,1745002057003
1745002058,1745002058001
1745002058,1745002058002
1745002059,1745002059001
1745002059,1745002059002
1745002060,1745002060001
1745002061,1745002061001
1745002061,1745002061002
1745002061,1745002061003
1745002062,1745002062001
1745002062,1745002062002
1745002062,1745002062003
1745002063,1745002063001
1745002063,1745002063002
1745002064,1745002064001
1745002065,1745002065001
1745002065,1745002065002
1745002065,1745002065003
1745002066,1745002066001
1745003001,1745003001001
1745003001,1745003001002
1745003001,1745003001003
1745003002,1745003002001
1745003002,1745003002002
1745003002,1745003002003
1745003003,1745003003001
1745003004,1745003004001
1745003004,1745003004002
1745003004,1745003004003
1745003005,1745003005001
1745003005,1745003005002
1745003005,1745003005003
1745003006,1745003006001
1745003006,1745003006002
1745003007,1745003007001
1745003007,1745003007002
1745003007,1745003007003
1745003008,1745003008001
1745003008,1745003008002
1745003008,1745003008003
1745003008,1745003008004
1745003008,1745003008005
1745003009,1745003009001
1745003009,1745003009002
1745003009,1745003009003
1745003009,1745003009004
1745003010,1745003010001
1745003010,1745003010002
1745003011,1745003011001
1745003011,1745003011002
1745003012,1745003012001
1745003012,1745003012002
1745003013,1745003013001
1745003013,1745003013002
1745003013,1745003013003
1745003014,1745003014001
1745003014,1745003014002
1745003015,1745003015001
1745003015,1745003015002
1745003016,1745003016001
1745003016,1745003016002
1745003016,1745003016003
1745003017,1745003017001
1745003017,1745003017002
1745003018,1745003018001
1745003019,1745003019001
1745003020,1745003020001
1745003021,1745003021001
1745003021,1745003021002
1745003022,1745003022001
1745003022,1745003022002
1745003023,1745003023001
1745003023,1745003023002
1745003024,1745003024001
1745003024,1745003024002
1745003025,1745003025001
1745003025,1745003025002
1745003025,1745003025003
1745003026,1745003026001
1745003026,1745003026002
1745003026,1745003026003
1745003027,1745003027001
1745003027,1745003027002
1745003027,1745003027003
1745003028,1745003028001
1745003028,1745003028002
1745003028,1745003028003
1745003028,1745003028004
1745003029,1745003029001
1745003029,1745003029002
1745003029,1745003029003
1745003030,1745003030001
1745003030,1745003030002
1745003031,1745003031001
1745003032,1745003032001
1745003032,1745003032002
1745003033,1745003033001
1745003033,1745003033002
1745003034,1745003034001
1745003034,1745003034002
1745003034,1745003034003
1745003035,1745003035001
1745003035,1745003035002
1745003036,1745003036001
1745003036,1745003036002
1745003036,1745003036003
1745003037,1745003037001
1745003037,1745003037002
1745003037,1745003037003
1745003038,1745003038001
1745003038,1745003038002
1745003038,1745003038003
1745003039,1745003039001
1745003039,1745003039002
1745003039,1745003039003
1745003039,1745003039004
1745003040,1745003040001
1745003040,1745003040002
1745003040,1745003040003
1745003041,1745003041001
1745003041,1745003041002
1745004001,1745004001001
1745004002,1745004002001
1745004002,1745004002002
1745004003,1745004003001
1745004003,1745004003002
1745004004,1745004004001
1745004004,1745004004002
1745004004,1745004004003
1745004005,1745004005001
1745004005,1745004005002
1745004006,1745004006001
1745004007,1745004007001
1745004008,1745004008001
1745004008,1745004008002
1745004008,1745004008003
1745004009,1745004009001
1745004009,1745004009002
1745004009,1745004009003
1745004010,1745004010001
1745004010,1745004010002
1745004010,1745004010003
1745004011,1745004011001
1745004011,1745004011002
1745004012,1745004012001
1745004012,1745004012002
1745004012,1745004012003
1745004013,1745004013001
1745004013,1745004013002
1745004014,1745004014001
1745004014,1745004014002
1745004014,1745004014003
1745004015,1745004015001
1745004015,1745004015002
1745004015,1745004015003
1745004016,1745004016001
1745004017,1745004017001
1745004018,1745004018001
1745004019,1745004019001
1745004020,1745004020001
1745004021,1745004021001
1745004022,1745004022001
1745004022,1745004022002
1745004023,1745004023001
1745004023,1745004023002
1745004024,1745004024001
1745004024,1745004024002
1745004025,1745004025001
1745004025,1745004025002
1745004026,1745004026001
1745004027,1745004027001
1745004027,1745004027002
1745004028,1745004028001
1745004028,1745004028002
1745004028,1745004028003
1745004029,1745004029001
1745004030,1745004030001
1745004030,1745004030002
1745004030,1745004030003
1745004031,1745004031001
1745004032,1745004032001
1745004032,1745004032002
1745004033,1745004033001
1745004033,1745004033002
1745004034,1745004034001
1745004034,1745004034002
1745004035,1745004035001
1745004035,1745004035002
1745004036,1745004036001
1745004036,1745004036002
1745004037,1745004037001
1745004037,1745004037002
1745004037,1745004037003
1745004038,1745004038001
1745004038,1745004038002
1745004038,1745004038003
1745004039,1745004039001
1745004039,1745004039002
1745004039,1745004039003
1745004039,1745004039004
1745004040,1745004040001
1745004040,1745004040002
1745004040,1745004040003
1745004040,1745004040004
1745004040,1745004040005
1745004041,1745004041001
1745004041,1745004041002
1745004042,1745004042001
1745004043,1745004043001
1745004043,1745004043002
1745004043,1745004043003
1745004044,1745004044001
1745004044,1745004044002
1745004044,1745004044003
1745005001,1745005001001
1745005001,1745005001002
1745005001,1745005001003
1745005002,1745005002001
1745005002,1745005002002
1745005002,1745005002003
1745005002,1745005002004
1745005003,1745005003001
1745005003,1745005003002
1745005003,1745005003003
1745005004,1745005004001
1745005004,1745005004002
1745005005,1745005005001
1745005005,1745005005002
1745005005,1745005005003
1745005006,1745005006001
1745005006,1745005006002
1745005007,1745005007001
1745005007,1745005007002
1745005007,1745005007003
1745005008,1745005008001
1745005008,1745005008002
1745005009,1745005009001
1745005009,1745005009002
1745005010,1745005010001
1745005010,1745005010002
1745005010,1745005010003
1745005011,1745005011001
1745005011,1745005011002
1745005011,1745005011003
1745005011,1745005011004
1745005012,1745005012001
1745005012,1745005012002
1745005013,1745005013001
1745005013,1745005013002
1745005013,1745005013003
1745005014,1745005014001
1745005014,1745005014002
1745005015,1745005015001
1745005015,1745005015002
1745005015,1745005015003
1745005016,1745005016001
1745005016,1745005016002
1745005017,1745005017001
1745005017,1745005017002
1745005017,1745005017003
1745005018,1745005018001
1745005018,1745005018002
1745005019,1745005019001
1745005019,1745005019002
1745005020,1745005020001
1745005020,1745005020002
1745005020,1745005020003
1745005021,1745005021001
1745005021,1745005021002
1745005021,1745005021003
1745005022,1745005022001
1745005022,1745005022002
1745005022,1745005022003
1745005023,1745005023001
1745005024,1745005024001
1745005024,1745005024002
1745005025,1745005025001
1745005025,1745005025002
1745005026,1745005026001
1745005026,1745005026002
1745005027,1745005027001
1745005028,1745005028001
1745005028,1745005028002
1745005028,1745005028003
1745005029,1745005029001
1745005029,1745005029002
1745005029,1745005029003
1745005029,1745005029004
1745005029,1745005029005
1745005030,1745005030001
1745005031,1745005031001
1745005031,1745005031002
1745005032,1745005032001
1745005032,1745005032002
1745005033,1745005033001
1745005033,1745005033002
1745005034,1745005034001
1745005034,1745005034002
1745005035,1745005035001
1745005035,1745005035002
1745005035,1745005035003
1745005036,1745005036001
1745005036,1745005036002
1745005036,1745005036003
1745005037,1745005037001
1745005037,1745005037002
1745005037,1745005037003
1745005037,1745005037004
1745005037,1745005037005
1745005038,1745005038001
1745005039,1745005039001
1745005039,1745005039002
1745005039,1745005039003
1745005039,1745005039004
1745005039,1745005039005
1745005040,1745005040001
1745005040,1745005040002
1745005041,1745005041001
1745005041,1745005041002
1745005042,1745005042001
1745005042,1745005042002
1745005043,1745005043001
1745005043,1745005043002
1745005043,1745005043003
1745005043,1745005043004
1745005044,1745005044001
1745005044,1745005044002
1745005044,1745005044003
1745005045,1745005045001
1745005045,1745005045002
1745005045,1745005045003
1745005046,1745005046001
1745006001,1745006001001
1745006001,1745006001002
1745006002,1745006002001
1745006002,1745006002002
1745006002,1745006002003
1745006003,1745006003001
1745006003,1745006003002
1745006004,1745006004001
1745006004,1745006004002
1745006005,1745006005001
1745006006,1745006006001
1745006006,1745006006002
1745006007,1745006007001
1745006008,1745006008001
1745006008,1745006008002
1745006008,1745006008003
1745006009,1745006009001
1745006009,1745006009002
1745006010,1745006010001
1745006010,1745006010002
1745006010,1745006010003
1745006010,1745006010004
1745006010,1745006010005
1745006011,1745006011001
1745006011,1745006011002
1745006012,1745006012001
1745006012,1745006012002
1745006012,1745006012003
1745006012,1745006012004
1745006013,1745006013001
1745006013,1745006013002
1745006013,1745006013003
1745006014,1745006014001
1745006014,1745006014002
1745006015,1745006015001
1745006015,1745006015002
1745006015,1745006015003
1745006016,1745006016001
1745006016,1745006016002
1745006016,1745006016003
1745006017,1745006017001
1745006017,1745006017002
1745006017,1745006017003
1745006018,1745006018001
1745006019,1745006019001
1745006020,1745006020001
1745006020,1745006020002
1745006020,1745006020003
1745006021,1745006021001
1745006021,1745006021002
1745006021,1745006021003
1745006022,1745006022001
1745006022,1745006022002
1745006023,1745006023001
1745006023,1745006023002
1745006023,1745006023003
1745006024,1745006024001
1745006024,1745006024002
1745006025,1745006025001
1745006025,1745006025002
1745006026,1745006026001
1745006026,1745006026002
1745006027,1745006027001
1745006027,1745006027002
1745006027,1745006027003
1745006027,1745006027004
1745006028,1745006028001
1745006028,1745006028002
1745006028,1745006028003
1745006028,1745006028004
1745006029,1745006029001
1745006029,1745006029002
1745006030,1745006030001
1745006031,1745006031001
1745006031,1745006031002
1745006032,1745006032001
1745006032,1745006032002
1745006032,1745006032003
1745006032,1745006032004
1745006033,1745006033001
1745006033,1745006033002
1745006034,1745006034001
1745006035,1745006035001
1745006035,1745006035002
1745006035,1745006035003
1745006036,1745006036001
1745006036,1745006036002
1745006036,1745006036003
1745006036,1745006036004
1745006036,1745006036005
1745006037,1745006037001
1745006037,1745006037002
1745006037,1745006037003
1745006037,1745006037004
1745006037,1745006037005
1745006038,1745006038001
1745006038,1745006038002
1745006039,1745006039001
1745006039,1745006039002
1745006040,1745006040001
1745006041,1745006041001
1745006041,1745006041002
1745006042,1745006042001
1745006042,1745006042002
1745006042,1745006042003
1745007001,1745007001001
1745007001,1745007001002
1745007002,1745007002001
1745007002,1745007002002
1745007003,1745007003001
1745007003,1745007003002
1745007003,1745007003003
1745007004,1745007004001
1745007004,1745007004002
1745007004,1745007004003
1745007004,1745007004004
1745007005,1745007005001
1745007006,1745007006001
1745007006,1745007006002
1745007006,1745007006003
1745007007,1745007007001
1745007007,1745007007002
1745007008,1745007008001
1745007008,1745007008002
1745007008,1745007008003
1745007009,1745007009001
1745007009,1745007009002
1745007010,1745007010001
1745007011,1745007011001
1745007011,1745007011002
1745007011,1745007011003
1745007012,1745007012001
1745007012,1745007012002
1745007013,1745007013001
1745007013,1745007013002
1745007013,1745007013003
1745007013,1745007013004
1745007013,1745007013005
1745007014,1745007014001
1745007015,1745007015001
1745007015,1745007015002
1745007016,1745007016001
1745007016,1745007016002
1745007016,1745007016003
1745007017,1745007017002
1745007017,1745007017003
1745007017,1745007017004
1745007017,1745007017005
1745007018,1745007018001
1745007019,1745007019001
1745007019,1745007019002
1745007020,1745007020001
1745007020,1745007020002
1745007020,1745007020003
1745007021,1745007021001
1745007021,1745007021002
1745007021,1745007021003
1745007021,1745007021004
1745007021,1745007021005
1745007022,1745007022001
1745007022,1745007022002
1745007023,1745007023001
1745007023,1745007023002
1745007023,1745007023003
1745007024,1745007024001
1745007024,1745007024002
1745007024,1745007024003
1745007025,1745007025001
1745007025,1745007025002
1745007025,1745007025003
1745007026,1745007026001
1745007027,1745007027001
1745007027,1745007027002
1745007028,1745007028001
1745007028,1745007028002
1745007028,1745007028003
1745007029,1745007029001
1745007029,1745007029002
1745007029,1745007029003
1745007029,1745007029004
1745007030,1745007030001
1745007030,1745007030002
1745007030,1745007030003
1745007031,1745007031001
1745007031,1745007031002
1745007031,1745007031003
1745007032,1745007032001
1745007032,1745007032002
1745007033,1745007033001
1745007033,1745007033002
1745007033,1745007033003
1745007033,1745007033004
1745007034,1745007034001
1745007034,1745007034002
1745007035,1745007035001
1745007035,1745007035002
1745007035,1745007035003
1745007035,1745007035004
1745007035,1745007035005
1745007036,1745007036001
1745007036,1745007036002
1745007036,1745007036003
1745007037,1745007037001
1745007037,1745007037002
1745007037,1745007037003
1745007038,1745007038001
1745007038,1745007038002
1745007039,1745007039001
1745007039,1745007039002
1745007039,1745007039003
1745007040,1745007040001
1745007040,1745007040002
1745007040,1745007040003
1745007041,1745007041001
1745007041,1745007041002
1745007041,1745007041003
1745007042,1745007042001
1745007042,1745007042002
1745007043,1745007043001
1745007043,1745007043002
1745007043,1745007043003
