1745001001001,GAPAIYA RYT.
1745001001002,CHAPRA RYT.
1745001002001,DALKA BANDHA
1745001002002,BADJHAR
1745001003001,DONAKHEDA
1745001003002,BADHAIGARH RYT.
1745001003003,BADHAIGARH MAL
1745001003004,DHANGAON MAL
1745001004001,BICHHIYA
1745001005001,CHANDWAHI MAL
1745001005002,GHUNDI SARAI MAL.
1745001005003,CHANDWAHI RYT  (V)
1745001005004,GHUNDI SARAI RYT  (V)
1745001006001,DOBHI MAL
1745001006002,INDORI MAL.
1745001007001,PATHARKATA
1745001007002,DUNDI SARAI
1745001007003,KANCHANPUR RYT.
1745001007004,KANCHANPUR MAL.
1745001008001,AMAKHOH
1745001008002,BASTARA MAL
1745001008003,BASTARA RYT.
1745001008004,BARGA RYT.
1745001009001,DEORI RAMPURI
1745001009002,RAMPURI
1745001009003,DEORI KALAN
1745001009004,IMLAI
1745001010001,PIPARIYA MAL
1745001010002,RAWAN KUND
1745001010003,DALKA SARAI RYT.
1745001011001,BHIMDONGRI
1745001011002,BHIMPAR
1745001011003,DEVRIKHURD
1745001012001,CHANDPURA RYT.
1745001012002,KASTURI PIPARIYA
1745001012003,CHANDPURA MAL.
1745001012004,KASTURI
1745001012005,SANGWA MAL.
1745001013001,TIKARIYA
1745001013002,PIPRADI
1745001013003,SUHGI (V)
1745001014001,DHIRWAN KHURD
1745001014002,PONDI MAL
1745001014003,PAREGOAN
1745001015001,BARAUDI
1745001015002,BARAUDA
1745001016001,KHAMHARIYA MYA DUNGARIYA
1745001016002,MALPUR MAL.
1745001016003,RAKHI RYT (V)
1745001016004,MALPUR RYT (V)
1745001017001,CHHAPRA
1745001017002,DEORI MAL
1745001017003,DEORI RYT.
1745001018001,RAKHI MAL.
1745001018002,RAMPURI MAL
1745001019001,MUDKI
1745001019002,BANKI
1745001020001,KARAUNDI
1745001021001,BARGAON
1745001022001,AMTHERA
1745001022002,BADJHAR RYT
1745001023001,BILGAON
1745001024001,PIPARIYA RYT
1745001024002,GAJWAHAR
1745001024003,KAHINJARA
1745001025001,DALKA KHAMHARIYA RYT.
1745001025002,DALKA KHAMHARIYA MAL
1745001025003,TIKRA KHAMHARIYA
1745001025004,DHANGOAN MAL
1745001026001,PONDI
1745001026002,UMARIYA
1745001026003,JALDHARA VAN GRAM
1745001027001,KARAUNDI RYT
1745001027002,DHODHA
1745001027003,BILLGADA
1745001028001,PALKI
1745001028002,KARANPURA
1745001028003,ISHANPURA
1745001029001,PIPARIYA KALAN
1745001029002,KATEHARA
1745001029003,BIJAURI.
1745001030001,GHUTAINA
1745001030002,AMERA
1745001030003,RAMPURI RYT
1745001030004,AMERA RYT  (V)
1745001031001,KOHANI MYA KARONDI MAL.
1745001031002,KOHANI DEORI KALAN
1745001031003,KOHANI MYA KAROUNDI RYT.
1745001032001,SALHEGHORI RYT
1745001032002,DADARGAON
1745001033001,MATKA RYT.
1745001033002,KAUDIYA
1745001033003,SARASDOLI
1745001034001,SARWAHI RYT.
1745001034002,SARWAHI MAL.
1745001035001,SACHAULI VAN GRAM
1745001035002,PADARIYA KALAN
1745001036001,JHAGARHATA DUNGARIYA
1745001036002,SONVARSHA
1745001036003,JHAGARHATA  VAN GRAM
1745001037001,DHANGOAN
1745001037002,GANESHPUR
1745001037003,UMHAI DEORI
1745001038001,DALKA SARAI MAL.
1745001038002,KUDDAR RYT
1745001039001,BARBASPUR
1745001039002,DHANAULI
1745001039003,KATANGI
1745001040001,UMARIYA
1745001040002,MOHNI MAL.
1745001040003,SARASWAHI
1745001040004,MOHNI RYT (V)
1745001041001,SANGRAMPUR MAL.
1745001041002,SANGRAMPUR RYT.
1745001041003,RACHHO
1745001041004,JIMRA
1745001042001,RANGAON
1745001042002,SURAJPURA
1745001042003,MANGELA
1745001043001,DHANGAON MAL.
1745001043002,DHANGOAN RYT
1745001043003,KARIGADHARI
1745001043004,CHAATI MAL
1745001043005,KARIGADHARI RYT (V)
1745001044001,BIJAURI MAL.
1745001044002,MOHRA KHURD
1745001044003,GUTLI RYT
1745001045001,MARWARI MAL
1745001045002,PADARIYA KHURD
1745001045003,NIWSI
1745001045004,CHANDOLI MAL  (V)
1745001045005,PADARIYA RYT  (V)
1745001046001,SAKTI BHAGDU RYT.
1745001046002,SAMANPUA
1745001046003,GURAIYA
1745001046004,SAMANPURA RYT (V)
1745001047001,DUKARIGAON  MAL
1745001047002,KHAIRBHAGADU MAL.
1745001047003,SAKTI BHAGDU MAL.
1745001048001,SALAIYA MAL
1745001048002,DEWAJHIR
1745001049001,MAGAR TAGAR
1745001049002,GADEEH VAN GRAM
1745001050001,BHATWARA RYT
1745001050002,MAJHGAON
1745001050003,DOBHI
1745001051001,GANGPURA
1745001051002,BARBASPUR
1745001051003,BHARAUTHI MAL.
1745001051004,BHAMHA
1745001051005,BHARAUTHA RYT (V)
1745001051006,BHARAUTHI RYT (V)
1745001052001,KAUAJHIR RYT.
1745001052002,PIPARIYA MAL
1745001052003,KAUAJHIR MAL.
1745001053001,MOHRA  KALAN
1745001053002,MAHROI MAL.
1745001053003,MAHROI RYT (V)
1745001054001,PAYALI GHUGHARI MAL.
1745001054002,PAYLIGHUGHARI RYT (V)
1745001055001,SARASWAHI MAL
1745001055002,PAHARUWA MAL.
1745001055003,KAPA
1745001055004,PAHARUWA RYT (V)
1745001056001,MANIKPUR
1745001057001,SARAI MAL.
1745001057002,CHARGAON
1745001058001,DOMDADAR
1745001058002,DEOGAON MAL
1745001058003,DEOGAON RYT
1745001059001,GHUSIYA RYT.
1745001059002,KACHHARI RYT.
1745001059003,KACHHARII MAL
1745001060001,KHURSIPAR RYT.
1745001060002,KHURSIPAR MAL.
1745001060003,DHIRWAN KALAN
1745001061001,BHILAI MAL.
1745001061002,BHILAI RYT (V)
1745001062001,BHARDWARA
1745001062002,KARAUNDI
1745001062003,BERKHEDA
1745001063001,GUTLI RYT.
1745001063002,GUTALWAH
1745001063003,GHUTAINA RYT
1745001064001,TIKRA SARAI ALIAS BASA
1745001064002,GHAGUVA MAL
1745001065001,KHAMHARIYA RYT.
1745001065002,KHALHE MAHESPURI
1745001065003,PATPARA MAL.
1745001065004,CHEERPAANI VAN GRAM
1745001065005,TIKARA MAHESHPURI VAN GRAM
1745001066001,DUBA MAL.
1745001066002,DUBA RYT.
1745001066003,PATPARA RYT.
1745001067001,KHITAULA RYT.
1745001067002,CHAURA RYT.
1745001067003,KHITAULA MAL.
1745001067004,DULLOPUR
1745001067005,PITRI MAL.
1745001067006,PITRI RYT.
1745001067007,CHAURA MAL (V)
1745001068001,LALPUR
1745001068002,RAIPURA MAL.
1745001069001,SHAHPURA
1745002001001,MUDKI MAL.
1745002001002,DAND VIDAYPUR MAL.
1745002001003,DAND VIDAYPUR
1745002002001,VICHARPUR
1745002002002,DEORA
1745002003001,BIJAURA .
1745002003002,DULLOPUR
1745002004001,JATA RYT.
1745002004002,JATA MAL.
1745002004003,AJHWAR RYT.
1745002004004,AJHWAR MAL.
1745002004005,UMARDHA VAN GRAM
1745002005001,GWARA .
1745002005002,SARANGPUR PADARIYA
1745002006001,CHANDOL
1745002006002,MOHGAON
1745002006003,CHICHRINGPUR
1745002006004,MOHAN JHIR
1745002007001,RAIPURA MAL.
1745002007002,RAIPURA RYT.
1745002007003,NIGWANI
1745002008001,DHAURAI RYT.
1745002008002,RAHANGI MAL.
1745002008003,EMLAI MAL.
1745002008004,EMLAI RYT.
1745002009001,KAILWARA
1745002009002,SARAI
1745002009003,MUDKI
1745002009004,SAJEHERA
1745002009005,JALDHARA VAN GRAM (V)
1745002010001,JAMGAON
1745002010002,NAGDAWAN MAL.
1745002010003,NAGDAMAN RYT (V)
1745002011001,DUDHI MAJHOLI
1745002011002,RAILY MAL.
1745002011003,RAILY RYT.
1745002012001,MAKKE
1745002012002,SAHAJPURI
1745002012003,PATKUHI VAN GRAM
1745002013001,MORCHA RYT.
1745002013002,MORCHA MAL.
1745002013003,SILHARI
1745002013004,LAKHANPURA
1745002014001,PADARIYA RYT.
1745002014002,KEOLARI MAL.
1745002014003,KEOLARI RYT.
1745002015001,KHURPAR
1745002015002,JUNWANI
1745002016001,KURKWARA MAL.
1745002016002,KURKWARA RYT.
1745002016003,MUDHIYA KALAN
1745002017001,VIDAYPUR .
1745002017002,KHAMHEE MAL.
1745002017003,KHAMHEE RYT.
1745002018001,NIWSA
1745002018002,DIYAWAR
1745002018003,BARWARA
1745002018004,MOHGAON RYT.
1745002019001,BAINDRA RYT-
1745002019002,NACHUNKA RYT.
1745002019003,BASANIYA MAL.
1745002019004,LUDRA RYT.
1745002020001,VINODI
1745002020002,CHATIYA
1745002020003,TENDUMER MOHTARA
1745002021001,KUTDAR RYT
1745002021002,GANWAHI
1745002021003,MUDKI
1745002022001,AMNI PIPARIYA MAL.
1745002022002,AMNI PIPARIYA RYT.
1745002022003,BHARDWARA
1745002023001,LUGDARA MAL.
1745002023002,CHHIWALI RYT.
1745002023003,CHHIWALI MAL.
1745002023004,LUGDARA RYT (V)
1745002024001,KOHKA MAL.
1745002024002,DAND BICHHIYA
1745002025001,GHANAGHAT
1745002025002,KANAI SANGWA
1745002026001,MADIYARAS
1745002027001,GOPALPUR
1745002027002,DEVKARA VAN GRAM
1745002027003,PADARIYA MAL
1745002028001,DHURRA
1745002028002,BHESLAGAN MAL.
1745002028003,BHESLAGAN RYT
1745002029001,DUNIYA MAL.
1745002029002,BAGHAD
1745002029003,PARASI RYT.
1745002029004,PARASI MAL.
1745002029005,RAMGUDA RYT.
1745002029006,RAMGUDA MAL.
1745002029007,KUI MAL.
1745002030001,JOGI TIKARIYA
1745002030002,HINOTA
1745002031001,GANGPUR
1745002031002,SOOBKHAR RYT.
1745002031003,AURAI MAL.
1745002031004,DHAURAI MAL.
1745002032001,LONDAJHIR
1745002032002,BATONDHA
1745002033001,PAKAR BAGHARRA
1745002033002,BAGHARRA RYT
1745002033003,PAKAR RYT (V)
1745002034001,DUHANIYA
1745002034002,KUDWARI VAN GRAM
1745002035001,GUYERA RYT.
1745002035002,PONDI MAL.
1745002035003,NAYEGAON MAL.
1745002035004,NAYEGAON RYT.
1745002036001,DEORI MAL.
1745002036002,DEORI RYT.
1745002036003,BHARWAI
1745002036004,MIGDI MAL.
1745002037001,TIKRI PIPRI
1745002037002,BASIDEORI
1745002037003,NARAYANDEEH  RYT.
1745002037004,NARAYANDEEH MAL
1745002038001,PONDI RYT.
1745002038002,MADHOPUR
1745002038003,AKHRAD MAL.
1745002038004,KHALHE BHAVAR KHANDI
1745002038005,TIKRA BHAWAR KHANDI VANGRAM
1745002039001,SURAJPURA MAL.
1745002039002,BALPUR MAL.
1745002039003,BALPUR RYT.
1745002039004,RAKARIYA
1745002040001,FADKI MAL.
1745002040002,BARGAI
1745002041001,BICHHIYA
1745002041002,SIMARIYA
1745002042001,SARHAREE
1745002043001,KUDA
1745002043002,BALLARPUR
1745002044001,GORAKHPUR .
1745002044002,AMACHUHA
1745002044003,DHAMANGAON
1745002045001,PALKI
1745002045002,BARCHHA MAL.
1745002045003,BARCHHA RYT.
1745002045004,CHURIYA NAYEGAON
1745002046001,ANAKHEDA
1745002046002,DIYABAR RYT.
1745002047001,TIKARIYA RYT.
1745002047002,MER MAL.
1745002047003,PIPARIYA MAL.
1745002048001,KHAMHARIYA  RYT.
1745002048002,KHAMHARIYA MAL.
1745002048003,KEOLARI MAL
1745002049001,SHAHPUR
1745002049002,SURAJPURA RYT.
1745002050001,SHARMAPUR
1745002050002,BARBASPUR MAL.
1745002050003,NARIYA
1745002050004,BARBASPUR RYT
1745002051001,BOODHAN RYT.
1745002051002,SARASTAL  RYT.
1745002051003,RAMHEPUR VAN GRAM
1745002051004,THYAGPUR
1745002051005,SURKHY VAN GRAM
1745002051006,RANI BUDHAR VAN GRAM
1745002052001,DHANUWA SAGAR
1745002053001,CHATUWA RYT.
1745002053002,DEVRI MAL (V)
1745002054001,JAMUNIYA
1745002054002,KHIRSAREE
1745002054003,LADO
1745002055001,MUDHIYA KHURD
1745002055002,SALIWADA MAL.
1745002055003,SALIWADA RYT.
1745002056001,CHHINDGAON RYT.
1745002056002,CHHINDGAON MAL.
1745002056003,CHAURA MAL.
1745002056004,CHAURA RYT
1745002057001,ROOSA MAL.
1745002057002,ROOSA RYT.
1745002057003,GHANAMAR
1745002058001,LUTGAON
1745002058002,UDRI MAL.
1745002059001,BHUDHKUR RYT.
1745002059002,PADARIYA KALAN
1745002060001,KASAI SONDHA
1745002061001,SINGARPUR MAL.
1745002061002,SINGARPUR RYT (V)
1745002061003,GHUSIYA MAL.
1745002062001,GHUSIYA RYT.
1745002062002,DARRI MOHGAON
1745002062003,BALHI MAL.
1745002063001,VIKRAMPUR
1745002063002,BARKHOH RYT.
1745002064001,NUNKHAN RYT.
1745002065001,GANESHPUR MAL.
1745002065002,MIGHRAUDI
1745002065003,GANESHPUR DHANGAON RYT.
1745002066001,DINDORI MAL
1745003001001,CHHAPARI RYT.
1745003001002,RAMPURI
1745003001003,CHHAPARI MAL
1745003002001,SALAIYA RYT.
1745003002002,SALAIYA MAL.
1745003002003,JALDA MUDIYA
1745003003001,AMARPUR RYT.
1745003004001,BARBASPUR RYT.
1745003004002,GANJARA RYT.
1745003004003,UMARIYA MAL
1745003005001,SAKKA RYT.
1745003005002,BHAINSWAHI RYT.
1745003005003,CHARGAON RYT
1745003006001,JUNWANI
1745003006002,ANDHIYAR KHOH RYT.
1745003007001,BEEJA RYT.
1745003007002,MOHARI RYT.
1745003007003,KHITAULI RYT.
1745003008001,KHAJAREE MAL.
1745003008002,KHAJAREE RYT.
1745003008003,KHATIYA MAL.
1745003008004,KHATIYA RYT.
1745003008005,CHANDRAGARH VAN GRAM
1745003009001,PADARIYA MAL.
1745003009002,PADARIYA RYT.
1745003009003,AMGAON RYT
1745003009004,CHANDPUR
1745003010001,BARSINGHA RYT.
1745003010002,BARSINGHA MAL.
1745003011001,NIWSA RYT.
1745003011002,BHAPSA
1745003012001,DHANWASI RYT.
1745003012002,MAINPURI
1745003013001,KARANPURA
1745003013002,PATHARIYA
1745003013003,JHILMILA
1745003014001,KAMKO MOHANIYA
1745003014002,DEORI MAL.
1745003015001,KHAMHARIYA RYT.
1745003015002,GHIWRI RYT.
1745003016001,BANO RYT.
1745003016002,LAKHANPUR RYT.
1745003016003,KOKO RYT.
1745003017001,NIGHAURI RYT.
1745003017002,MURTA RYT.
1745003018001,BHANPUR RYT.
1745003019001,DEORI MAL.
1745003020001,KHUDIYA RYT.
1745003021001,KHARGAHNA MYA BASANIYA
1745003021002,BHAGANWARA
1745003022001,RAHANGI MAL.
1745003022002,BATIYA RYT.
1745003023001,LALPUR MAL.
1745003023002,KAMRASODHA
1745003024001,NADA RYT.
1745003024002,NADA MAL.
1745003025001,BILGOAN
1745003025002,SAMHAR
1745003025003,MOHGAON
1745003026001,PIPRI MAL.
1745003026002,SIDHOLI
1745003026003,PIPRI RYT
1745003027001,BILASAR
1745003027002,SANJARI RYT
1745003027003,SANJARI MAL (V)
1745003028001,DUGARIYA RYT
1745003028002,BHAKHA MAL.
1745003028003,BHAKHA RYT.
1745003028004,CHAURA RYT.
1745003029001,RAMGARH
1745003029002,BIJAUREE RYT.
1745003029003,BIJAUREE MAL.
1745003030001,LUTGAON
1745003030002,BAHERA
1745003031001,KISALPURI
1745003032001,SAKKA MAL.
1745003032002,KACHNARI RYT
1745003033001,CHARPANI RYT.
1745003033002,AMAKHOH RYT.
1745003034001,MANORI
1745003034002,SARANGARH
1745003034003,USARIGHUNDI VAN GRAM
1745003035001,BODHGHUNDI
1745003035002,DUNDISARAI RYT.
1745003036001,MOHAN JHIR RYT.
1745003036002,MOHAN JHIR MAL.
1745003036003,RAHANGI RYT.
1745003037001,GITHAURI RYT.
1745003037002,GORAKHPUR VAN GRAM
1745003037003,KHUDDURPAÓANI VAN GRAM
1745003038001,PARSEL
1745003038002,PINDRUKHI
1745003038003,HATHKATTA VAN GRAM
1745003039001,ALAUNI RYT.
1745003039002,SAMNAPUR RYT.
1745003039003,JHARANA GHUGHARI VAN GRAM
1745003039004,JAITPURI VAN GRAM
1745003040001,KHITGAON
1745003040002,JALEGAON
1745003040003,DOLBEEJA VAN GRAM
1745003041001,BARGA RYT.
1745003041002,KHAIRDA RYT
1745004001001,PADARIYA DONGRI
1745004002001,PATHARIYA RYT.
1745004002002,BILAIKHAR
1745004003001,HARRA MAL.
1745004003002,PINDRUKHI
1745004004001,ATARIYA MAL.
1745004004002,ATARIYA RYT.
1745004004003,BARSOT MAL.
1745004005001,PACHGAON MAL.
1745004005002,BIJAURI.
1745004006001,BAJANG RYT.
1745004007001,BAJANG MAL.
1745004008001,SARWAHI MAL.
1745004008002,DHOD
1745004008003,ÎÎSINGHPUR RYT
1745004009001,MANGARH
1745004009002,AMADONGRI
1745004009003,DULLOPUR
1745004010001,BIJAURA
1745004010002,GHUTAI
1745004010003,BHANPUR
1745004011001,MIDHLI
1745004011002,TALA
1745004012001,BHURSI MAL.
1745004012002,BAGHRALI
1745004012003,TARACH VAN GRAM
1745004013001,BHILANIYA MAL.
1745004013002,SINGAR SATTI RYT.
1745004014001,KUKARIYA MAL.
1745004014002,KUKARIYA RYT.
1745004014003,VIKRAMPUR MAL.
1745004015001,KAROPANI
1745004015002,BUDHGAON MAL
1745004015003,BUDHGAON RYT
1745004016001,GADASARAI
1745004017001,ANGAI
1745004018001,GIDHA
1745004019001,SARANGPUR
1745004020001,KHARGAHNA
1745004021001,KAUDIYA
1745004022001,UFRI
1745004022002,BUSANIYA RYT
1745004023001,SUNHA DADAR
1745004023002,SHIVRI
1745004024001,SUNIYAMAR
1745004024002,PACHGAON RYT.
1745004025001,BHOKADONGARI
1745004025002,BARGAON
1745004026001,SHOBHAPUR MAL.
1745004027001,SUNPURI
1745004027002,BONDAR
1745004028001,SUKALPURA
1745004028002,SUKALPURA RYT.
1745004028003,SILYARI
1745004029001,LALPUR
1745004030001,BAGHRALI RYT.
1745004030002,BAGHRALI KHURD
1745004030003,DHANOLI
1745004031001,PARASWAH RYT.
1745004032001,MAJHIYAKHAR MAL.
1745004032002,MAJHEYAKHAR RYT (V)
1745004033001,PATAN
1745004033002,GANNAGUDA
1745004034001,KIKARA TALAB
1745004034002,RATNA MAL.
1745004035001,PATHAR KUCHA MAL
1745004035002,PATHAR KUCHA RYT.
1745004036001,SINGHPUR MAL.
1745004036002,KHIRSAREE
1745004037001,PIPARIYA MAL.
1745004037002,JALDA VAN GRAM
1745004037003,BONA VAN GRAM
1745004038001,PINDRUKHI MAL.
1745004038002,GHOPATPUR
1745004038003,GHOPATPUR RYT.
1745004039001,BACHHARGAON MAL.
1745004039002,BACHHARGAON RYT.
1745004039003,JHINJHRI
1745004039004,LAVEDA
1745004040001,KOSAMDIH MAL.
1745004040002,GIRWARPUR MAL.
1745004040003,GIRWARPUR RYT.
1745004040004,KHAMHARIYA RYT
1745004040005,GURUGAON RYT (V)
1745004041001,KEOLARI MAL.
1745004041002,GURUMGAON MAL.
1745004042001,KARONDA
1745004043001,TATAR VAN GRAM
1745004043002,SILPUDI VAN GRAM
1745004043003,CHADHA VAN GRAM
1745004044001,KHAMHERA VAN GRAM
1745004044002,SHEETALPANI VAN GRAM
1745004044003,KHAPRIPANI VAN GRAM
1745005001001,DHURKUTTA VAN GRAM
1745005001002,PITARI VAN GRAM
1745005001003,KANDWANI VAN GRAM
1745005002001,MUNGELA
1745005002002,RANJARA VAN GRAM
1745005002003,BANJRA VAN GRAM
1745005002004,BANJRA VAN GRAM
1745005003001,GOURA KANHARI VAN GRAM
1745005003002,JEELANG VAN GRAM
1745005003003,DHABA VAN GRAM
1745005004001,BANGWAR
1745005004002,DAMI TITRAHI
1745005005001,CHAPWAR
1745005005002,JADASURANG
1745005005003,KIKARIYA
1745005006001,KIWAD RYT.
1745005006002,PONDI VAN GRAM
1745005007001,KEOLARI
1745005007002,KUTELA
1745005007003,MUGDARA
1745005008001,KAREGAON
1745005008002,SINGHANPURI
1745005009001,GHATA RYT.
1745005009002,HADSINGHARI
1745005010001,JATA DONGRI MAL.
1745005010002,BARGA RYT
1745005010003,DUGARIYA .
1745005011001,KURAILI RYT.
1745005011002,SALHEGHORI MAL.
1745005011003,SALHEGHORI RYT
1745005011004,BACHARGAON
1745005012001,MOHGAON
1745005012002,UMARIYA
1745005013001,DUDHAURA
1745005013002,SALIWADA
1745005013003,BAMHNI
1745005014001,NIWSA
1745005014002,MOHTI RYT.
1745005015001,KEOLARI
1745005015002,KHAMHI
1745005015003,CHHATPARA
1745005016001,ANDAI RYT.
1745005016002,SALAIYA PANDUPUR
1745005017001,JHANKI MAL.
1745005017002,JHANKI RYT.
1745005017003,KEOLARI MAL
1745005018001,DEWALPUR
1745005018002,SIMARDHA VAN GRAM
1745005019001,JATA DONGRI RYT.
1745005019002,SAMNAPUR
1745005020001,BANGWAR RYT.
1745005020002,SUNDARPUR RYT.
1745005020003,CHINDGAON (V)
1745005021001,KAMKO
1745005021002,CHHINDGAON  MAL
1745005021003,NANDINDORI
1745005022001,KHUDIYA
1745005022002,PREMPUR MAL.
1745005022003,PREMPUR RYT.
1745005023001,KOKOMATA
1745005024001,MANPUR RYT.
1745005024002,MUKUTPUR
1745005025001,KIKARJHAR RYT
1745005025002,SARAI
1745005026001,CHHATA
1745005026002,MOHADA
1745005027001,KIVATTY
1745005028001,BHALAPURI
1745005028002,PADARIYA
1745005028003,DHANAULI
1745005029001,RAMEHEPUR
1745005029002,MADHOPUR
1745005029003,BAHERA MAL
1745005029004,BAHERA RYT (V)
1745005029005,RAHANGI
1745005030001,KUKARRAMATH
1745005031001,BUDRUKHI
1745005031002,RASYOI
1745005032001,CHANDRANI  RYT
1745005032002,BARGAON RYT
1745005033001,KHAMHA
1745005033002,BITAL BAHERA VAN GRAM
1745005034001,TITRAHI
1745005034002,KANCHANPUR
1745005035001,AUDHERA
1745005035002,BHAJI TOLA RYT.
1745005035003,BHAJI TOLA MAL.
1745005036001,GORAKHPUR
1745005036002,LADWANI
1745005036003,BHALUCHUHA
1745005037001,SARAI MAL.
1745005037002,MAADA GOUR RYT.
1745005037003,MAADA GOUR MAL.
1745005037004,VEETANPUR
1745005037005,SARAI VAN GRAM
1745005038001,MANIKPUR
1745005039001,ATARIYA
1745005039002,BIJAPURI
1745005039003,KHAMHARIYA MAL.
1745005039004,PATAN
1745005039005,BARGI RYT.
1745005040001,PIPARIYA
1745005040002,RANGAON
1745005041001,MARGAON
1745005041002,PONDI
1745005042001,PADARIYA
1745005042002,TIKARIYA
1745005043001,TIKARIYA
1745005043002,BILAIKHAR
1745005043003,KIKARIYA RYT.
1745005043004,HALDIKARELI VAN GRAM
1745005044001,MAJHGAON
1745005044002,SINGHWAR RYT.
1745005044003,ATARIYA
1745005045001,RAJNI SARAI VAN GRAM
1745005045002,AJGAR VAN GRAM
1745005045003,LAMOTHA VAN GRAM
1745005046001,CHANDRANI
1745006001001,BARNAI
1745006001002,BHIMKUNDI
1745006002001,RAMNAGAR
1745006002002,TARERA MAL.
1745006002003,KARONDI MAL.
1745006003001,KARANJIYA MAL.
1745006003002,KARANJIYA RYT.
1745006004001,KHANNAT MAL.
1745006004002,PAKARI SODA VAN GRAM
1745006005001,RAITWAR MAL.
1745006006001,JUGDEHI
1745006006002,KARONDI RYT.
1745006007001,BAHARPUR
1745006008001,SAHAJANA
1745006008002,KHAMHARKHUDRA
1745006008003,AUDHOR VAN GRAM
1745006009001,MAJHGAON
1745006009002,GOPALPUR
1745006010001,NEEMTOLA VAN GRAM
1745006010002,THADPATHRA VAN GRAM
1745006010003,TIVCHIDEHA VAN GRAM
1745006010004,DOMUHANI VAN GRAM
1745006010005,KINDRABAHERA VAN GRAM
1745006011001,SENGUDA
1745006011002,SARAIHA RYT.
1745006012001,CHAKMI MAL.
1745006012002,CHAKMI RYT
1745006012003,DALDALKAPOTI VAN GRAM
1745006012004,BOYRAHA
1745006013001,RAHANGI RYT.
1745006013002,ROOSA MAL.
1745006013003,ROOSA RYT.
1745006014001,PAKRI RYT.
1745006014002,BUNDELA RYT.
1745006015001,PARSEL MAL.
1745006015002,DEORI RYT.
1745006015003,PARSEL RYT.
1745006016001,BHUSANDA
1745006016002,LAKHANPUR MAL.
1745006016003,BHUSANDA RYT.
1745006017001,LALPUR SANI
1745006017002,GWARI RYT.
1745006017003,MANIKPUR RYT.
1745006018001,SAILWAR
1745006019001,SADWACHAPAR
1745006020001,UMARIYA RYT.
1745006020002,KUTAILI DADAR (V)
1745006020003,DADARGAON VAN GRAM
1745006021001,JARASURANG MAL.
1745006021002,JARASURANG RYT.
1745006021003,BERENDA RYT.
1745006022001,GORAKHPUR RYT.
1745006022002,GORAKHPUR MAL.
1745006023001,PATAN MAL.
1745006023002,SONPURI RYT
1745006023003,PATAN RYT.
1745006024001,BHALKHOHA
1745006024002,BHALKHOHA RYT.
1745006025001,NARIGWARA
1745006025002,JAGATPUR VAN GRAM
1745006026001,BARGAON
1745006026002,BONDAR
1745006027001,CHUHCHUHI MAL.
1745006027002,RAHATA PAKRI RYT.
1745006027003,BITHALDEH RYT.
1745006027004,CHUHCHUHI RYT
1745006028001,JHANKI RYT.
1745006028002,JHANKI MAL.
1745006028003,MANKI RYT.
1745006028004,PANDPUR VAN GRAM
1745006029001,MOHTARA
1745006029002,RATNA RYT (V)
1745006030001,DHAVADONGARI(BAMHNI)
1745006031001,MUSAMUNDI RYT.
1745006031002,MUSAMUNDI
1745006032001,DHANRAS
1745006032002,MADHOPUR
1745006032003,CHANDANA RYT.
1745006032004,JAMPAANI VAN GRAM
1745006033001,GARKAMATTA
1745006033002,HARRATOLA
1745006034001,MEDHAKHAR
1745006035001,MOHGAON
1745006035002,KUTRI RYT.
1745006035003,BARBASPUR MAL.
1745006036001,TIRCHULA
1745006036002,PIPARPAANI VAN GRAM
1745006036003,PANDARPAANI VAN GRAM
1745006036004,LADARADADAR VAN GRAM
1745006036005,MILKY (KANDATOLA) VAN GRAM
1745006037001,PIPARKUTA RYT.
1745006037002,KHAMHARIYA MAL.
1745006037003,KATIGAHAN RYT.
1745006037004,KHAMRIYA RYT.
1745006037005,PIPARAKUTA MAL
1745006038001,UFRI MAL.
1745006038002,KHARIDEHA VAN GRAM
1745006039001,SARAI TOLA
1745006039002,KIRANGI MAL.
1745006040001,KABIR MYA KHURKHURI DADAR
1745006041001,CHAURADADAR VAN GRAM
1745006041002,SONATHIRTH VAN GRAM
1745006042001,BAWELLY VAN GRAM
1745006042002,JOGIGWARA VAN GRAM
1745006042003,BIJAURI VAN GRAM
1745007001001,BILGADA
1745007001002,TIKARABANDHA
1745007002001,KUTRAI MAAL
1745007002002,KUTRAI REYAT
1745007003001,SURAJ PURA
1745007003002,MARHIKACHAR
1745007003003,PAGNIYA
1745007004001,DOGARGHAAT
1745007004002,BAALPUR
1745007004003,BISWALI REYAT
1745007004004,KHUDARI VANGRAM
1745007005001,MEHANDWANI
1745007006001,DULHARI
1745007006002,DOBHI VANGRAM
1745007006003,DARGAUN VANGRAM
1745007007001,JHURKA REYAT
1745007007002,BAGLI
1745007008001,MATYAARI
1745007008002,MUNDI
1745007008003,MARWARI
1745007009001,GHAMNI
1745007009002,KUSERA REYAT
1745007010001,KOTHTIYA
1745007011001,PARAPANI
1745007011002,TARRI
1745007011003,AMGAUN RAIYAT
1745007012001,BARAI
1745007012002,KHJRI MAAL
1745007013001,SARSI MAAL
1745007013002,SARSI REYAT
1745007013003,SARSI
1745007013004,CHIRPOTI REYAT
1745007013005,CHIRPOTI MAAL
1745007014001,SARASDOLI
1745007015001,PADRIYA
1745007015002,FATEHPUR
1745007016001,JHARNANEJHAR
1745007016002,JHARNANEJHAR REYAT
1745007016003,KHAREDA REYAT
1745007017002,KOSAMGHAT
1745007017003,SARASDOLI REYAT
1745007017004,MOHGAUN REYAT
1745007017005,SALIYA VANGRAM
1745007018001,KENRI MAAL
1745007019001,JAITPURI
1745007019002,KACHARI
1745007020001,PIPRIYA
1745007020002,BHANPUR REYAT
1745007020003,SILCHAR REYAT
1745007021001,MENRI REYAT
1745007021002,HATHDOL
1745007021003,PINDRAI MAAL
1745007021004,CHIRPANI VANGRAM
1745007021005,PINDRAI REYAT
1745007022001,BHADUR MAAL
1745007022002,CHIRPANI 
1745007023001,KANHARI
1745007023002,TENDUDIAH MAAL
1745007023003,TENDUDIAH REYAT
1745007024001,CHAUBISA MAAL
1745007024002,CHAUBISA REYAT
1745007024003,MURLA PANNI
1745007025001,RADHO PUR
1745007025002,RADHOPUR MAAL
1745007025003,PONDIMAAL
1745007026001,RAYEE
1745007027001,KHARGWARA
1745007027002,KUKRA
1745007028001,BHODASAAJ MAAL
1745007028002,BHODASAAJ RAIYAT
1745007028003,GHUJYAARI
1745007029001,UMARIA REYAT
1745007029002,UMARIA MAAL
1745007029003,GHATA MAAL
1745007029004,GHATA REYAT
1745007030001,BHALWARA
1745007030002,KAONDACHIR
1745007030003,TALA
1745007031001,KALGITOLA
1745007031002,KALGITOL REYAT
1745007031003,MARYAARI
1745007032001,KHAJWARA
1745007032002,SURGAUN
1745007033001,SUKHLORI
1745007033002,KHAMDARIA MAAL
1745007033003,KHAMMARIYA VANGRAM
1745007033004,RAKHI
1745007034001,HARTOL VANGRAM 
1745007034002,DHANGAUN
1745007035001,BULDAMAAL
1745007035002,BULDAMAAL REYAT
1745007035003,PINDRUKHI MAAL
1745007035004,PINDRUKHI REYAT
1745007035005,AMARPUR VANGRAM
1745007036001,KEWALADR
1745007036002,GILLADI
1745007036003,DADARGHUGARI VANGRAM
1745007037001,MASSORGHUGHARI
1745007037002,KHAIPANNI
1745007037003,JHAMJHOLA VANGRAM
1745007038001,SARANGPUR
1745007038002,KENRI REYAT
1745007039001,PHULWAHI
1745007039002,HIRADEPUR VANGRAM
1745007039003,BARDAGIRI VANGRAM
1745007040001,PADRITOLA MAAL
1745007040002,PADRITOLA REYAT
1745007040003,HARTOLA REYAT
1745007041001,KHAMHARIYA MAAL
1745007041002,SIDHO REYAT
1745007041003,SIDHO MAAL
1745007042001,PAYALI
1745007042002,DEWARGAR
1745007043001,JARGUDA
1745007043002,GGHAGHARI MAAL
1745007043003,GGHAGHARI REYAT
